Epic,Total Characters,Major Characters,Minor Characters,Major Within-Group Similarity,Minor Within-Group Similarity,Between-Group Similarity,H1 p-value,H1 Supported
Iliad,26,18,8,0.47801361828103633,0.37502354547018363,0.40692916365132814,2.6970829004483576e-06,True
Odyssey,17,11,6,0.4532154129282491,0.3022789931674776,0.3520041955567858,5.56484995122078e-05,True
